Id,Name,Gender,Age,Birthdate,Address
b0ef9827-0118-4901-8da7-b632af5b26f1,전소현,Male,44,1980-10-04,양주시 영도구 20길 97
69ccebbe-385c-4772-ba33-40e6db050c74,우윤우,Male,47,1977-03-13,인천시 강동구 75길 36
eee07647-4d4d-4512-8b18-2b9228d42c61,장세연,Female,72,1952-09-04,대구시 종로구 21길 85
b06ff8fa-6fd8-4bd4-b9fa-33ff0eee7282,노다은,Male,27,1997-08-07,남양주시 동구 60길 96
14a7abd6-d560-482e-9d39-b76a6b97433d,임시율,Male,73,1951-01-10,수원시 강서구 26길 8
041c523c-8f6b-47ba-941c-b6be88a81ea5,박시현,Female,48,1976-06-06,양주시 북구 8길 84
dbe94ef3-93a7-4c44-8846-764d928d4213,송은채,Female,69,1955-02-01,광주시 영도구 72길 23
f722c295-0ca2-4efe-8a1d-f5103cec6ac5,고채민,Male,65,1959-07-04,평택시 중랑구 96길 11
e3c35f06-d196-4707-8686-54f6779361b0,구민서,Female,18,2006-05-12,김포시 강서구 41길 34
ccc5d846-8d28-4da0-b199-75ea4fe728fb,여시연,Female,25,1999-10-18,양평시 양천구 46길 81
c960f6a4-e20b-4e09-aed7-1c742cb3d72a,조현성,Female,28,1996-09-09,인천시 강북구 92길 19
d1bc2a76-6219-4786-83e2-8a37b7cdf64a,임현아,Female,31,1993-09-03,화성시 서구 94길 4
ba357937-dd22-4a30-b716-3db3f0b87b46,고예은,Male,16,2008-08-02,평택시 강북구 63길 72
0a97f3a9-d5e8-4687-88e5-6d2c1f471a89,장수현,Female,53,1971-01-04,양주시 중랑구 84길 7
af0c63e7-c045-43dd-840f-ac7fc3718a51,장수현,Female,56,1968-12-23,오산시 동남구 24길 26
854a8e8c-0897-463d-bc1e-fb364571a09f,신민석,Male,26,1998-09-03,서울시 중남구 69길 90
db8c2e59-0955-4ad7-9dcb-7625bc381332,함지영,Male,57,1967-03-10,남양주시 중남구 73길 87
1d891ef5-9166-45e9-b955-7871385e6031,우은우,Female,53,1971-03-02,나주시 중남구 16길 95
38b8c7ea-91c0-42dd-ba30-d85e2ed0dc88,반태희,Female,31,1993-03-14,창원시 은평구 25길 71
decfc734-79dd-4f05-9cb9-99b537e5cf7d,황보승호,Female,36,1988-07-23,나주시 남구 91길 64
5ef72827-5277-43b1-bb86-ba2e1b23565d,정서하,Male,68,1956-05-22,대구시 도봉구 65길 30
5d5f49fd-58ef-4d5e-97d1-04d399c1ee68,장지현,Female,55,1969-03-08,부산시 서북구 63길 57
a8a3c956-b7a3-4138-88a4-926234956a3a,서태린,Female,54,1970-11-04,수원시 북구 52길 31
96362e3f-97d6-44bb-b9d4-55f645583df6,손예림,Male,46,1978-12-27,양주시 도봉구 34길 46
b505f63d-bdd9-41fe-aeb3-12e11ddc8c71,선민혁,Male,61,1963-08-16,남양주시 남구 96길 13
791c9ebe-53d3-4a21-ad1c-7cfdef4b8926,허예린,Female,63,1961-09-15,인천시 서구 76길 22
1c419d48-930a-4c4f-9399-c4da9a726edc,하민기,Female,65,1959-10-18,광주시 강서구 20길 50
0dc8caff-e559-494d-87e8-89fb7c709e89,차라온,Male,14,2010-02-17,남양주시 동구 51길 36
2148942a-2d65-427b-a0c6-3c8ea6c77400,차연우,Male,31,1993-05-03,양평시 중랑구 47길 78
e56054e2-680b-4f66-8255-b3816612e8a6,소지혜,Male,50,1974-08-20,남양주시 광산구 32길 47
8a3c5280-e4d7-4dad-8266-ad3c29e7278c,진소은,Female,64,1960-08-20,화성시 도봉구 27길 92
b87eccc3-d3ff-487c-a98a-08cd4c205744,문준호,Male,44,1980-11-15,고양시 광산구 15길 12
8be16639-27db-4faf-b268-d6694dd1f926,용현서,Male,31,1993-10-12,평택시 서북구 19길 30
b658af66-d57f-4f0d-a384-79793344f6fe,손다온,Female,25,1999-07-05,화성시 양천구 68길 48
0917917f-0f49-4009-bfd0-16971d8426bd,임민우,Male,19,2005-04-23,창원시 서구 54길 31
8bde9ca2-e3ef-481b-ae9f-c8c509e0a903,윤가연,Male,54,1970-10-05,양평시 도봉구 14길 93
a1cc3b4d-6f9b-4a2c-9f29-7a75ced9076e,표승현,Male,65,1959-06-19,김포시 북구 93길 93
e1b68686-4f18-41a7-abeb-981d6e368303,팽아인,Male,49,1975-08-01,시흥시 강서구 91길 7
f13fcf1b-b5fd-4a24-9bc6-a731a6c6c69c,용시윤,Female,61,1963-01-12,서울시 마포구 52길 14
3ff1fd59-a7f4-40cf-b3b4-219d3069d473,주소율,Female,74,1950-04-22,부산시 강남구 82길 40
bafa0596-b22c-43f1-a1bb-a44f9412b359,곽성준,Male,69,1955-10-08,서울시 강남구 33길 26
d4420c8a-1cf2-420e-9e88-877d47723169,배유빈,Male,68,1956-02-13,양주시 강북구 40길 53
e2b5e0cc-89b3-4131-9c3b-87c74bf9da57,설소민,Male,66,1958-01-04,고양시 강북구 21길 15
971f2a48-4c29-4904-8c2b-b0e4d9801dd0,문정현,Male,62,1962-09-19,나주시 강남구 52길 25
03cf6b95-f2d4-48f1-a438-a5287e5d1218,용다빈,Male,44,1980-04-16,대구시 성북구 21길 54
ba6bf690-e35b-43a6-86cc-e50c2a25bc4b,노유준,Male,54,1970-07-19,양주시 강동구 94길 66
9febaf80-2f71-43f9-ace7-56233bc47e9d,견예진,Male,45,1979-08-02,시흥시 남구 83길 55
899b7010-5366-4f80-9c06-e2bb162f6b5b,길선우,Male,14,2010-06-15,고양시 서구 96길 4
b9a1ebb2-1127-46a4-8c3c-176e1289899f,반원준,Male,58,1966-08-20,남양주시 도봉구 7길 68
dea336e3-2682-4400-b83d-1f9a80f9894d,천윤하,Male,42,1982-05-27,부산시 종로구 75길 26
f1970d20-7c15-4187-91bf-7715fa2f631f,진예서,Male,57,1967-01-20,부산시 종로구 59길 90
09c693be-b38a-47d3-b71e-027050e6eed4,점윤하,Female,31,1993-12-24,과천시 동구 86길 48
7dcc0f19-f73e-49a1-bdc5-ebbbef3ed729,오수현,Female,58,1966-05-05,춘천시 강동구 74길 5
2a6f5de7-edc5-492d-8013-a32838e9feae,장나현,Male,73,1951-08-23,고양시 양천구 29길 84
60f89985-5fc1-47c3-a495-aa156d66b30b,염유민,Male,30,1994-01-23,수원시 강북구 81길 76
34d3d542-a9e7-4f12-bd0d-316d823305a2,강범준,Male,56,1968-12-03,고양시 강동구 19길 71
5de06d68-e6c1-45da-822f-41a5c87a5cff,정지율,Female,15,2009-08-04,광주시 강남구 47길 61
7f553085-5d70-42eb-b713-3d2198335c90,노지영,Female,52,1972-06-16,서울시 강북구 23길 70
48d76701-13a2-4657-8e6b-45295002dbce,표라온,Male,25,1999-01-26,화성시 북구 68길 80
7daa4546-030d-43c7-a643-9ef7f9baf065,채유나,Male,23,2001-07-22,광주시 성북구 10길 38
180eb4ac-40d5-4a06-9bb9-d0f70a209cb5,나동현,Male,22,2002-11-15,광주시 동구 48길 53
2be64e76-0811-4e1c-9ac3-bb6a370d83af,용하랑,Male,61,1963-04-19,시흥시 서북구 52길 78
a1ed727b-069f-4d16-b569-de44b3c503ff,용상현,Female,72,1952-05-28,화성시 남구 14길 70
42171865-9aa0-40a1-81a9-ee064e24628b,장이현,Male,59,1965-05-01,광주시 강남구 83길 44
884c427b-385d-4cd1-a35f-aed2c5ab0756,용이든,Male,48,1976-09-01,광주시 북구 18길 94
bbf0656e-3851-4baf-a083-88661808cc62,류연우,Male,41,1983-05-08,성남시 마포구 90길 43
04ec525e-42a9-4a38-97f8-962006bcccf2,장민찬,Female,47,1977-10-09,화성시 도봉구 36길 38
91ba9527-38ce-434d-9fa8-71771df47d86,하하진,Male,56,1968-05-11,서울시 광산구 12길 33
80c9b858-b798-4324-b60b-65ada75774b6,반민규,Male,64,1960-09-03,광주시 도봉구 98길 70
fd38dddc-5e33-4e13-b3c0-36d8d85c19ef,진지우,Female,19,2005-03-16,하남시 마포구 40길 16
d36876f4-8325-45c9-84f8-16ae33a922d9,길재민,Female,24,2000-11-25,전주시 중남구 17길 40
014a4556-829f-4adf-9a25-4dfc63437a44,봉승현,Male,53,1971-12-27,고양시 노원구 76길 75
716951f4-10c1-4166-ab23-b37d38bd8843,신설아,Male,41,1983-01-01,하남시 마포구 23길 12
a8eab02f-4a9f-43bf-bb23-91b463075714,허나윤,Female,72,1952-11-11,부산시 강서구 16길 55
087444ab-e7e6-4e45-b077-753741478a2b,온이안,Male,32,1992-06-23,전주시 강서구 20길 45
afd82bbb-005f-4dd4-9cec-a18d5b3da4cd,천준수,Male,72,1952-08-19,김포시 서북구 64길 92
e04c1a51-d5fe-494a-8aef-437115451103,마유하,Male,26,1998-12-08,화성시 서북구 45길 54
c6359ad0-fe90-4b40-9819-1b7db299d67d,송현승,Female,67,1957-06-10,평택시 북구 79길 67
f87a19fe-b741-422e-ad3a-f1f311b84b1a,노태희,Female,29,1995-10-28,수원시 남구 81길 39
bb4f40e8-a1ad-468d-b8d9-3e97090dc398,강단우,Female,26,1998-04-08,대구시 중구 52길 63
4980932b-9a10-4add-bcc9-1c59dad70f76,함지안,Male,28,1996-01-18,화성시 종로구 67길 24
bc37d451-219a-44ae-ba16-51031e39c024,주세아,Male,59,1965-11-09,수원시 양천구 71길 31
b7c90b4d-b526-4cc7-9740-0bb4d3957408,선우민아,Male,35,1989-04-12,화성시 서구 32길 55
85f86d37-3714-4daf-a7ae-80c063f29e56,민은유,Female,38,1986-05-08,가평시 북구 29길 89
fcc8f9ed-02b3-4494-8b34-afeb79f5f78b,홍승윤,Male,21,2003-09-16,김포시 강북구 83길 41
9c59aef8-d986-466f-8edf-a97bf68c30d3,양승아,Female,74,1950-09-09,용인시 동남구 94길 4
dbe59ed5-45e5-47b3-bbaf-81aa01c62cf7,남궁예서,Male,67,1957-08-27,하남시 서구 25길 21
6ba7cfd5-3da5-40c6-9903-c75eb81e7f4a,염다빈,Female,21,2003-01-01,파주시 북구 96길 12
5eb186ea-25c9-46f8-b147-247c0f946742,도다현,Female,59,1965-09-19,양주시 중랑구 84길 72
dd7a1790-427d-48ff-8dd5-aeda2a714959,온연준,Male,66,1958-10-13,남양주시 중구 65길 64
7e36ce3d-7b07-435f-ad0e-15488ae68b22,채세현,Male,24,2000-08-02,서울시 서북구 37길 16
5a514e99-a918-433a-b497-671beea42620,원민서,Female,67,1957-09-20,전주시 마포구 94길 99
b678a7ff-13f4-465a-98b6-6ff716f6d41a,황보지율,Female,18,2006-04-14,광주시 영도구 66길 68
aeda01bd-65ba-42ea-823c-ce7b397339cc,류민채,Female,50,1974-07-01,창원시 도봉구 95길 94
fa17ce8e-424e-4d5c-ab37-83bcba5c6f97,길시현,Female,31,1993-01-11,광주시 양천구 92길 68
0cdffb2e-fa35-4f75-bbc8-19996f5ec1a8,신가은,Female,27,1997-06-28,인천시 양천구 89길 2
0d0585ff-ed1c-429d-b432-4abeaf7a5a0c,주현민,Male,16,2008-02-14,화성시 마포구 98길 4
2c4d0b55-8cc4-4042-be7a-d87f62b63981,팽하람,Male,47,1977-07-02,파주시 마포구 53길 13
99c7ced6-9f8c-4259-8f63-4c661fe5e98e,진윤아,Male,43,1981-07-21,평택시 북구 60길 95
d22da68d-2c6f-4577-85f1-9c50e4eda7af,채하율,Female,66,1958-06-06,양주시 북구 97길 87
1cd32e3e-bec9-418c-966f-5800dc42c90e,반시후,Female,17,2007-07-14,남양주시 마포구 91길 98
090eda57-9088-43a4-95fe-5b3e84d9dc3f,임가윤,Female,69,1955-09-18,남양주시 도봉구 45길 29
4b9881bc-4c12-4b40-8786-f465cc2868ed,성예찬,Female,43,1981-10-27,광주시 영도구 68길 92
038cd7cc-0634-414d-99c2-c386f5baf001,탁다희,Male,14,2010-09-19,춘천시 노원구 37길 48
8310eec3-bdff-4c31-b362-47e48cdba8c9,지이준,Female,73,1951-09-10,오산시 은평구 89길 1
4169148d-5a2f-4b5e-a60d-4deaac3b0808,우예은,Female,14,2010-07-05,평택시 종로구 20길 65
0c97f004-4fd8-436a-bd3b-f267ef7512d3,채지우,Male,50,1974-12-27,김포시 은평구 48길 32
f57de813-95f2-4f1f-9d50-2e9d34d7fc21,민하람,Female,32,1992-07-19,부산시 중랑구 24길 24
96292d7d-fec3-4d66-820d-58b3946ee6ab,신현지,Female,47,1977-10-12,성남시 영도구 5길 42
35cb1279-c74e-4e5e-b5a2-c349d6a0e028,주유림,Male,57,1967-06-16,광주시 강동구 39길 41
ffd4dec2-5c49-4f4b-92a4-efed3b577570,남궁민규,Female,33,1991-06-02,나주시 동남구 56길 26
4c0098ec-f88d-476e-8a1a-ae3929980d79,봉하영,Female,20,2004-06-19,남양주시 중남구 88길 34
79a17e36-c574-461a-ba8c-61aee062ccfe,하리아,Male,36,1988-04-02,춘천시 중랑구 45길 74
ed1be284-5121-4e19-858b-74dc8c439619,현우현,Male,31,1993-08-14,시흥시 중랑구 86길 14
145d22f8-c70f-4268-ac75-df4da5fb4afe,차설아,Female,15,2009-01-04,양평시 강동구 71길 73
ae47e9c5-eca6-4c5d-9139-fdad89e32c1f,남궁민성,Male,27,1997-06-22,파주시 도봉구 72길 31
96d925e4-f2b0-4d14-9821-7d4bb7accf17,조태경,Male,34,1990-10-16,광주시 마포구 54길 44
ef640858-8262-4fd7-aa2e-085a1efeb87e,성예린,Female,58,1966-06-12,가평시 노원구 33길 78
a08a4e60-638e-4a4c-a7c2-e0209572365a,하서율,Female,27,1997-09-24,서울시 도봉구 62길 4
db2d9707-2f72-45c4-8bec-18fac2863acb,장규리,Male,16,2008-08-14,대구시 중구 73길 83
24cbc47f-c91c-4db6-86cc-49e47e6ddb01,노이현,Male,39,1985-03-08,남양주시 동구 37길 42
a49d3bbd-67ec-4551-a2f8-760862b509dc,한준우,Female,69,1955-06-22,성남시 중구 95길 74
b26e1f4f-d2aa-4cb6-9d28-e9345fbdc115,구지안,Male,73,1951-12-09,나주시 북구 34길 59
9f86a690-28bb-4ee2-ba5a-951967aee96a,홍유민,Male,53,1971-01-21,파주시 강동구 68길 72
470a46ba-bd3e-4aef-913b-4c7019d01134,류유리,Male,73,1951-01-27,서울시 도봉구 54길 28
590c1fd5-c173-4af0-b38a-919cfd830245,최영준,Male,52,1972-03-06,수원시 강북구 18길 24
52ae5b92-4beb-4b7b-b6a2-29fea4cac403,소하랑,Female,67,1957-07-01,부산시 영도구 9길 93
f4323ae4-8ae0-48d1-a9ae-9d9f1f01113a,설승호,Female,58,1966-10-22,성남시 서구 91길 98
acd129cc-5f9a-422b-b211-6d5bddff0465,현태연,Female,34,1990-09-20,나주시 노원구 58길 81
dc32e3d6-259d-416e-932c-28d8f2716fb5,맹규리,Male,20,2004-03-09,김포시 북구 79길 30
54e0336e-9223-4991-891f-4e26a74c9ad5,홍채연,Female,52,1972-01-14,나주시 강동구 68길 95
329f8266-a8a3-49fd-a718-5e6275a01826,고서하,Female,46,1978-10-21,고양시 중랑구 31길 21
51746490-e515-4fca-a7bd-bc3ff63ae73a,황보주환,Male,57,1967-07-17,춘천시 남구 23길 85
f049a504-bc5f-4bcd-b526-9c3d8b575e27,고이현,Female,36,1988-05-27,오산시 종로구 80길 14
2040e1eb-994d-48a8-a823-5cebc0da1a3a,문시연,Male,37,1987-10-19,성남시 서구 46길 9
ad6b726f-57a2-4756-bf34-fb1c4ce7fbd0,송민성,Male,33,1991-02-27,과천시 북구 42길 30
7b40350b-9e11-4e85-98c9-b9943fc15f35,나예림,Female,58,1966-12-20,하남시 중구 3길 52
9b50c5db-8884-4ba2-ae9a-87e4b9a1bbc6,박아영,Male,34,1990-10-27,나주시 동구 15길 56
1a59c0eb-32e4-43e6-bee6-054595ded5a7,길한결,Female,20,2004-08-25,양평시 북구 5길 62
d783867c-d10d-4267-9b4b-f38005ca933e,구도율,Male,30,1994-08-26,고양시 서북구 68길 32
04b29be7-a10e-4504-9a3f-3d9ab73b42bc,남궁재준,Female,58,1966-02-25,시흥시 강남구 94길 38
991f8ac5-673e-4836-a32d-3dfbca2301f3,탁다솜,Female,19,2005-10-16,오산시 강남구 21길 93
caa4f00b-5dee-4f2c-b717-3d8ee49a9d62,라도연,Male,20,2004-07-01,과천시 성북구 51길 63
8e581c1d-aadd-41bb-86dc-d3a1f44c0018,양세은,Male,41,1983-11-26,수원시 중랑구 65길 33
06d4e5c9-8759-49f8-9da1-155c0210f520,곽지완,Male,49,1975-09-23,성남시 서북구 63길 23
b1ee62df-8d8b-4c82-9ca8-5b69e875a592,지소은,Female,53,1971-01-07,남양주시 동남구 99길 98
7aa448fe-b4dc-4054-bc45-02b2a802b72e,현우주,Female,41,1983-08-27,광주시 북구 31길 64
1685fed2-2216-4469-b53f-23be175d1b58,채지호,Female,56,1968-07-14,부산시 영도구 52길 22
b5ed7a41-b904-4cc7-9ca7-f916276b0593,이지안,Male,21,2003-04-19,대구시 북구 77길 77
fdac7d8f-4d73-4df5-9e5c-6ad7f0c07d21,진채윤,Female,17,2007-03-26,양주시 서북구 91길 53
276163fa-fa9f-40ab-aa07-02193e377a9d,채태윤,Male,64,1960-09-05,김포시 남구 98길 45
25f6c040-f614-43c1-a686-a7e0c08c3a25,박성준,Female,16,2008-02-06,하남시 은평구 33길 64
7349717c-fd46-4a1a-8eef-a77f092989fc,조시연,Male,69,1955-10-01,양평시 성북구 49길 58
40990b78-c212-46f0-b936-d0172200e7c0,견재현,Female,52,1972-07-01,화성시 동구 2길 40
73d92d00-0295-4269-bcad-1923ac55b64e,주지유,Female,64,1960-04-24,평택시 마포구 71길 57
29bafa9e-972e-4e1e-a2bc-8fb622ef995f,강하늘,Female,28,1996-08-02,평택시 중랑구 43길 51
9953c1c4-48ae-40ad-b0a4-27a7001b0fe3,도은우,Female,26,1998-08-08,부산시 성북구 12길 42
4ea16720-5710-4fc2-b198-3a9fe289cc76,우태양,Female,64,1960-08-13,화성시 성북구 9길 92
2ee292bb-3e47-498a-840c-639378396cb5,하윤서,Female,65,1959-11-20,인천시 서북구 19길 37
89455ae7-94fc-48b2-b9a7-6cfe177a3095,나승윤,Male,34,1990-06-04,전주시 영도구 73길 64
8a57ec10-a2f3-460c-9e97-49bf01d42a4c,온유민,Female,48,1976-12-23,수원시 동구 40길 25
6de37ca9-946e-4345-8389-2e3ecb781377,팽다솜,Male,23,2001-05-14,양주시 서북구 70길 7
a0bde8d5-498f-44ba-953c-0dec7b9e1702,윤소율,Female,40,1984-08-24,과천시 영도구 13길 42
8cac5f8b-87b3-467d-91d1-144db877b5a1,점윤슬,Female,16,2008-05-13,평택시 중구 57길 65
be6cdcc4-92f8-4724-886f-af40602cf1ef,조하랑,Male,62,1962-01-28,부산시 성북구 2길 65
a69daa49-d6e1-4124-b91c-d55c8ca7dda2,표하윤,Female,35,1989-05-02,파주시 은평구 83길 65
efb5812b-d73b-4504-97b2-d2823ffdd446,윤주원,Male,48,1976-01-16,수원시 강서구 49길 40
87e219ce-5988-4c7a-881d-275b695ab231,손지수,Male,74,1950-12-08,전주시 북구 99길 9
70d713e3-438c-4179-a530-cdd614403118,맹서윤,Female,63,1961-02-07,시흥시 종로구 69길 21
476babe5-e961-4ee6-99b9-7dfc65721ca4,이지성,Female,60,1964-07-03,광주시 도봉구 90길 59
3734acd3-1764-4a77-abe9-d2b4de4697d5,권소희,Female,58,1966-06-01,과천시 강서구 8길 34
2762618a-e8c0-49ed-84f3-eef5bfb7208c,권수민,Female,51,1973-10-12,수원시 도봉구 35길 27
80b465d5-f4e9-486f-be1a-9f4c8682ccad,봉민수,Female,36,1988-09-10,파주시 중랑구 79길 25
ad123ce3-981e-4c7d-879d-3171a75cca71,온윤호,Male,28,1996-05-09,양평시 북구 95길 8
2e48b774-b0ea-4c08-b6c2-ef29b18777ac,선예슬,Female,33,1991-07-25,춘천시 강북구 12길 66
f4f65270-a56b-4c0d-ae96-372b9f78b263,김선우,Female,52,1972-12-06,하남시 강동구 14길 13
ba186fad-d794-411f-906c-b93c15bca79c,이로아,Female,57,1967-07-02,화성시 남구 65길 24
377d4d72-56e0-40cc-86a9-1e4bf83d81ce,조연우,Female,66,1958-09-16,하남시 서북구 15길 73
45655681-7bd3-41de-b30f-25e76b63a39e,나민주,Male,66,1958-02-25,춘천시 강동구 46길 39
a71758d5-9037-4911-9b6a-50c6f708c1af,송지율,Female,21,2003-09-24,광주시 중남구 63길 93
80252629-da40-4709-b13f-811535c6c789,도연준,Male,30,1994-06-08,가평시 중구 90길 74
e46b0d13-a859-415d-b855-53d5a921ed6c,차건희,Male,56,1968-07-12,하남시 중구 75길 35
342fb8ec-6da6-427f-83b5-d7655b9b7f92,팽승아,Male,35,1989-04-15,광주시 은평구 18길 4
ce357140-4531-4773-b3e4-49ea3242afa6,소지혜,Female,34,1990-08-22,부산시 양천구 20길 80
0adf98b9-a5f8-4078-bf7a-c33fb3f09e6a,권유주,Male,50,1974-08-23,양주시 북구 59길 97
51975212-48b1-428c-869f-59f31811d5f3,윤재하,Female,31,1993-12-08,수원시 노원구 5길 56
427eb285-1619-49a3-bba4-7b4925a57047,채예나,Female,27,1997-05-27,화성시 광산구 4길 91
dbb8269d-5530-4206-ac58-fe4523fac123,설소민,Female,34,1990-11-23,수원시 중남구 42길 90
02ae2c40-9642-4f2a-a387-e409f86fbb18,옥지한,Female,71,1953-08-22,춘천시 도봉구 70길 61
fa4d885f-4524-441e-b41c-82ceda010df0,황보하린,Female,56,1968-11-05,창원시 은평구 9길 44
d2900ba3-18aa-4e52-a425-fb344c55cd20,현승우,Female,73,1951-12-21,화성시 동남구 58길 52
5f388316-5b14-4ee7-b0ff-e54afa420ec8,하은우,Female,65,1959-02-22,수원시 양천구 24길 29
869730f7-aecd-480e-9993-3e5f0fcba8a3,진예원,Female,70,1954-04-25,김포시 강서구 23길 71
6c462e56-9b94-4247-95c0-6022014d9310,팽지성,Male,33,1991-09-10,부산시 도봉구 17길 99
1821dc34-6bd5-479b-a7c5-aaae67113758,점정우,Male,42,1982-02-24,서울시 강서구 5길 90
3da498a5-08d3-413c-b9d3-1479ac9ec7be,여승준,Female,70,1954-09-25,나주시 서북구 61길 75
60dbae05-1e98-4673-844e-a1b68a1bb9bb,맹서진,Female,73,1951-06-20,양주시 노원구 80길 79
9f33007e-3096-4652-96fb-593d35729c63,방시안,Female,15,2009-05-18,성남시 중랑구 31길 21
161a5f99-e221-4531-bfea-27e8cdbbbe26,나채아,Female,62,1962-01-24,광주시 강남구 8길 86
74938285-57c7-4626-9fa6-d06112e5cdd5,차민찬,Male,56,1968-04-04,창원시 서구 94길 70
98db678d-323f-408c-81d6-9522a763ccd6,천수인,Male,56,1968-10-22,용인시 마포구 48길 8
91ab9421-16f4-4304-ae9c-868faedf9d80,진하람,Female,40,1984-04-10,과천시 동구 74길 8
ae3d4315-e832-4305-a833-bd8365a7fdb3,문현민,Female,37,1987-03-04,광주시 은평구 47길 41
24814405-5e27-420c-9267-ff85d75f0ee9,진연서,Male,60,1964-06-20,고양시 종로구 38길 28
a3b139b9-9879-45b2-9971-b771f917fdf1,지시현,Male,28,1996-08-26,고양시 은평구 30길 65
78215ff1-d96e-4570-b1d8-0cabfb660d76,장주호,Female,62,1962-09-02,김포시 북구 12길 59
7563dbb9-9660-48ef-a1e3-35929746ef7d,최예성,Male,31,1993-03-26,나주시 동남구 55길 49
d1647368-b353-4f28-9b99-4026e3d2f8f8,배윤,Female,19,2005-10-09,인천시 북구 83길 51
0c49bae0-ce4e-4389-801d-c5413e1d949d,양다희,Female,64,1960-11-27,춘천시 강남구 10길 37
df2a1059-a435-4f0d-a051-8b69773c8499,문찬영,Female,58,1966-06-19,광주시 강북구 15길 13
4b8f99ef-5bb8-48ac-befe-ed7ec241fcc1,도준희,Female,58,1966-04-28,과천시 마포구 4길 18
5ba08b1d-a3ba-45fe-80e4-fa5b42028bae,소시원,Male,15,2009-01-27,수원시 강남구 91길 58
e27d048a-f48f-4736-b04a-11c5e042d3d3,나연서,Female,25,1999-08-17,광주시 도봉구 76길 18
de6df0d4-f3bb-45ac-b055-4f0e8ee2019b,정온유,Female,73,1951-06-26,파주시 양천구 69길 23
d84dba0c-6fa8-4fd0-89b1-cd2f1f5b5587,윤예원,Female,26,1998-07-17,수원시 마포구 64길 1
58007b83-ad5a-478f-a4bd-759707413a4b,이민아,Male,27,1997-01-24,수원시 강북구 56길 62
32821a17-7a00-4400-bedc-651fb1ba050e,박강민,Male,52,1972-12-14,서울시 강남구 9길 60
2eaca158-9bc5-4416-a92d-f63dcc8451b5,주소윤,Male,46,1978-08-01,서울시 북구 31길 28
6094c44d-f467-4cc2-86cb-dde76ed9b488,김우주,Female,72,1952-10-01,서울시 북구 70길 81
5d60a4cf-1ef0-4744-b4ac-920a76ad247c,도지안,Female,26,1998-09-21,남양주시 양천구 58길 93
8a0e93d5-bcec-4e5f-b99d-3c489cdc1264,류호준,Male,56,1968-09-09,가평시 노원구 14길 64
6d099866-4c3d-4fa1-af78-20a379a0af2e,채세현,Female,25,1999-10-16,전주시 강서구 9길 36
04500613-5387-43cb-a461-006fd7b86f54,최이준,Female,43,1981-06-21,성남시 중구 57길 89
ba25f759-f98e-4399-a9ea-3641a0fdbafc,원다인,Female,39,1985-11-27,시흥시 종로구 97길 1
2896ecc7-2137-41dc-a105-18fc4829f9b8,표지원,Female,74,1950-12-09,성남시 북구 69길 87
7d375539-b047-4564-8281-9712a6df2093,황보재민,Female,64,1960-07-06,수원시 북구 69길 1
73da7eb5-ad86-45c2-b59f-a0fca709e565,팽리아,Male,30,1994-02-06,부산시 성북구 44길 79
33e44f61-cce5-4bc9-9b79-afa15117f44c,주지원,Female,14,2010-05-05,전주시 영도구 72길 52
7d6a051b-0676-462b-813d-574e466503f7,길은채,Male,15,2009-07-11,고양시 마포구 7길 62
8e5625c3-7e83-42f1-85c0-f53193659e1a,용수진,Male,30,1994-05-03,서울시 종로구 23길 21
6243350d-f8aa-41fe-8d65-d530c7107100,황보서아,Female,70,1954-06-21,전주시 중랑구 10길 44
54de160b-b5af-4349-8d73-de4f2d5ee445,허지원,Female,61,1963-08-25,창원시 중랑구 69길 13
260611de-e355-4b6b-aa26-a34908a9da7f,연한별,Male,61,1963-09-02,서울시 노원구 66길 47
e1930e5c-08c3-41c9-930d-31a0ad910c49,소수민,Female,66,1958-08-25,시흥시 영도구 72길 77
04aa9be6-a6c1-4ba1-abdc-6d9eea7fa02d,용시윤,Male,15,2009-08-14,나주시 마포구 63길 7
e8dc5de6-26f6-48c1-8894-f6828f6d0c0f,황현아,Female,35,1989-07-12,과천시 영도구 84길 85
a73e65ef-6c20-4ee8-9b5b-68532131dbfa,라태양,Male,45,1979-12-02,광주시 영도구 94길 35
f692b148-b86c-4d6f-a6a5-021d4deba2cc,나하윤,Female,17,2007-02-03,용인시 성북구 95길 93
051846be-a9c1-4954-8846-2080026858e6,민하온,Male,28,1996-04-10,고양시 강동구 35길 91
9f32daea-b1d5-4105-9f3a-4cd46ec4ec03,양재민,Female,54,1970-07-17,평택시 강서구 80길 21
74d18057-37d1-4653-987d-96f248eb2adc,용현민,Female,39,1985-09-08,용인시 서구 51길 58
0ead159d-7c1a-4aa2-be3b-ac0524f1f442,온태린,Female,67,1957-04-02,가평시 강남구 50길 61
96a73722-8746-418b-b507-48940d8120d8,신소율,Male,66,1958-10-11,서울시 마포구 20길 76
bf514cd2-a129-4aa0-85ac-dc6f5cfbe669,송재민,Male,71,1953-10-27,고양시 노원구 78길 84
61952929-558b-4d50-887e-9ef6eb35ed9c,권채윤,Female,37,1987-04-10,오산시 성북구 67길 28
3ab5243f-20f7-493b-aeae-2c7446b1aaab,구주아,Male,29,1995-12-23,양주시 강북구 56길 57
d77bb4a9-ef08-473e-b9a0-b1d4d745c40c,권승호,Female,41,1983-10-19,남양주시 은평구 10길 37
c70efc1f-4a3d-480f-97e3-a8b885efa231,용재윤,Male,48,1976-03-06,서울시 북구 75길 13
0c7ae8e6-7fea-4348-97fe-94b403442e22,김민하,Male,24,2000-11-08,화성시 서구 92길 31
430ef9a5-4883-4df7-815c-cdf7f11d4c60,육한결,Male,23,2001-12-06,양평시 서구 12길 56
95dec36a-7d24-4da9-a6a0-1994d637a267,연봄,Female,21,2003-05-26,양주시 은평구 22길 79
805afa24-060a-4cc1-a1c5-93f333d10fe3,임하윤,Female,73,1951-03-11,가평시 성북구 47길 11
7f6e67ea-f8c7-4bc7-9694-5d075a46e41b,양주연,Male,66,1958-09-25,파주시 서구 45길 58
10151923-cefb-4097-b87a-4cd71bc732ba,탁연우,Female,15,2009-08-08,평택시 영도구 14길 54
953c7ca1-f843-48d6-8624-d057827b5d37,양태희,Male,48,1976-01-22,인천시 남구 94길 14
dfe41000-6961-4d32-a50e-afddaac2c7b1,천사랑,Female,62,1962-03-28,나주시 영도구 89길 89
1b748eaf-afc6-4f79-889d-a17796f64d5f,배도하,Female,27,1997-09-15,광주시 중남구 92길 23
fb79885c-2d38-4143-a105-14dde9977e45,지예찬,Female,52,1972-03-17,광주시 북구 26길 13
c2328c83-62fa-4ec2-ba19-4bf994c09033,노이서,Male,38,1986-05-10,양주시 북구 67길 44
1e3de209-ce80-4a27-a9e0-a1e56661bc50,채태리,Female,60,1964-08-14,남양주시 동남구 43길 86
0b91ff7f-6ac6-44b4-95d8-9ea9551625f9,맹시환,Male,26,1998-07-16,평택시 동구 96길 56
d4573f78-cc65-4c46-9ff8-a265aecc3c2c,민은지,Male,54,1970-05-22,춘천시 북구 33길 94
2b589e4b-ea74-41f0-94fd-12931cfaa4f3,배건,Female,53,1971-07-26,남양주시 영도구 54길 21
3eeddb8d-84a1-4d45-a1d6-a2a67c9a3c35,천예준,Female,18,2006-10-07,전주시 영도구 73길 92
ccd96fa4-9ce1-4eff-a3fc-9a4e342d9737,심민재,Male,33,1991-01-27,용인시 중남구 47길 22
8435626c-ff07-4a4e-8194-e909fc62b46d,김가온,Male,72,1952-01-05,창원시 노원구 61길 46
54316169-5edc-4022-8c24-80a96b1ae4ef,남궁서희,Male,43,1981-07-25,서울시 강북구 96길 27
e025e7b5-e5dd-40f2-9624-164692884cdc,황은채,Female,59,1965-08-03,춘천시 강남구 73길 76
d313a6bf-769d-4263-b437-d77b973e5d06,견사랑,Female,62,1962-01-07,남양주시 마포구 25길 40
cc68d26b-ad72-4614-8558-fcbfba1aea2d,모봄,Male,67,1957-10-03,화성시 성북구 16길 33
2bd0be61-64a2-4b98-9a4e-754e4c617ab0,한민석,Female,59,1965-10-05,창원시 강서구 15길 14
135798f0-6db2-4663-adc5-05984f650f30,윤재이,Female,69,1955-05-23,양평시 영도구 29길 52
a0aee2e3-47ad-4b0a-bd98-b34a1f1833c1,구나윤,Female,45,1979-08-16,광주시 서구 69길 89
a359e02e-e9b6-4d3f-b91d-9325ceb2cf00,황보아현,Male,65,1959-05-15,서울시 남구 6길 45
0e32c626-6a2c-4741-b7b8-572ff542bcfa,우하늘,Female,67,1957-11-08,전주시 강남구 71길 8
872d68de-8684-4f49-a944-0511a8d08d06,심민혁,Female,42,1982-03-21,광주시 강동구 60길 76
c1fbfcc5-6031-416b-b145-a01989027cbb,홍아현,Female,41,1983-08-21,화성시 북구 42길 72
61e9ab58-cced-40b7-ba20-97f394008737,오태오,Male,67,1957-05-20,파주시 서북구 9길 28
615a5d15-9980-498d-a46f-ecb497e59bbb,송지원,Male,63,1961-08-14,과천시 영도구 51길 30
a8abe856-b03c-4bd7-8378-b615aad03adc,최지원,Female,45,1979-04-05,부산시 동남구 86길 33
4cbf31eb-810e-4f82-b6a5-e9bf120b3bec,원세은,Female,22,2002-01-20,광주시 중랑구 19길 18
ef451406-3bbb-4195-837f-8cc2e223fb34,윤현서,Male,52,1972-11-05,용인시 중랑구 17길 25
47f156c9-06dd-494b-9332-172b3e9f4cc6,반하늘,Male,52,1972-02-15,시흥시 종로구 2길 2
a51a4acf-f434-420a-b024-a65189960462,하승민,Male,54,1970-05-04,수원시 서구 95길 92
5d830db0-c523-4de9-aa22-7bfee5d031a9,용예원,Male,19,2005-11-23,전주시 중구 3길 41
340b300b-f8fe-4763-bcf8-1a625c292624,허재민,Male,70,1954-04-06,나주시 동구 85길 73
8cd74fca-bdf7-459d-8752-c2e0974834e7,반채영,Male,69,1955-03-19,과천시 북구 32길 95
a21b9706-fcce-4a46-8402-a350c74701ac,임서연,Male,56,1968-08-17,시흥시 중구 39길 70
a6061eb9-b2ce-400a-b288-35a839a16e0e,옥민정,Male,60,1964-04-10,오산시 동남구 53길 32
5ac89bbd-ade3-4ba0-84d0-c99cf17de018,원지원,Female,42,1982-07-21,고양시 강남구 44길 47
1be73356-69b0-4e97-9aac-a6c013df8317,민예준,Male,27,1997-04-26,대구시 마포구 36길 85
f659c2e4-d497-47b8-b431-453aad896b4f,권소민,Male,36,1988-12-14,가평시 강서구 84길 7
53db5502-0938-4248-9273-096a48596935,이영준,Male,40,1984-03-13,양주시 노원구 31길 50
7149ccca-db7d-479f-85b5-565e63a007c8,류나경,Female,44,1980-07-19,창원시 북구 11길 51
3a903a9a-e793-4d86-b48d-fa40be9cada2,여다희,Female,37,1987-04-08,부산시 영도구 27길 78
3a3ba1b5-d9d9-45cc-9b74-1e13cbb58ecc,오연아,Female,52,1972-11-03,광주시 중남구 70길 19
f0907528-aca2-4754-aff8-3c5fe5a60a8b,조건희,Female,37,1987-08-17,전주시 중구 7길 66
15696a17-9da0-4b71-a357-49531703ccef,장지오,Female,58,1966-09-19,양주시 강동구 73길 60
20112f23-c463-441e-a538-674ddc52985d,전현진,Male,45,1979-02-12,평택시 동구 47길 99
54e9023d-9a09-4fcd-a87b-a8ad30f86efd,함지오,Male,69,1955-10-13,김포시 중랑구 40길 31
90fde7df-bf06-49e7-a421-b11243a7d85f,배소이,Male,30,1994-07-18,양평시 동남구 2길 82
43f0e857-9ccd-4de5-8d17-66b474f46ffa,김수진,Female,73,1951-06-28,나주시 마포구 15길 28
9c6858d5-abf1-4966-a6c0-daef536852d0,도유민,Female,49,1975-02-21,하남시 동남구 86길 38
e6a67ea7-4874-486c-870b-2f439e11969a,황찬영,Male,51,1973-06-22,화성시 은평구 10길 20